시군명,경로당명,소재지지번주소,전화번호,인허가일자,운영상태,입소정원,데이터기준일자
의정부시,의정부1동경로당," 의정부시 태평로74번길 23-11, 2층 (의정부동)",031-846-9414,1985-01-26,운영,63,2025-06-25
의정부시,제일시장경로당," 의정부시 태평로73번길 20, 2층 (의정부동)",031-844-7895,1996-11-03,운영,67,2025-06-25
의정부시,금용아파트경로당," 의정부시 태평로184번길 21-4, 1층(가능동, 금용아파트)",031-841-4407,1997-02-06,운영,21,2025-06-25
의정부시,낙천경로당," 의정부시 태평로204번길 5-7, 1층(가능동)",031-848-0806,1987-01-01,운영,68,2025-06-25
의정부시,중앙경로당," 의정부시 호국로 1303, 201호(의정부동)",031-847-9674,1999-01-01,운영,60,2025-06-25
의정부시,의정부한라비발디루트아파트경로당," 의정부시 호국로 1303, 104동 1층 (의정부동, 한라비발디아파트)",031-848-6366,2012-11-19,운영,21,2025-06-25
의정부시,가재울 일신건영휴먼빌아파트경로당," 의정부시 평화로658번길 50, 101동 1층 (가능동, 가재울일신건영휴먼빌아파트)",031-821-4357,2008-07-11,운영,20,2025-06-25
의정부시,의정부3동경로당," 의정부시 경의로157번길 22, 2층(의정부동)",031-877-0533,2007-10-09,운영,29,2025-06-25
의정부시,신흥경로당, 의정부시 신흥로168번길 24 (의정부동),031-872-6412,1992-12-17,휴관,30,2025-06-25
의정부시,한울경로당," 의정부시 태평로45번길 19, 2층(의정부동) ",031-875-7922,2007-07-02,운영,32,2025-06-25
의정부시,의정부지구 황해도민회 경로당," 의정부시 태평로 33, 2층 (의정부동)",031-848-2562,2010-10-27,운영,37,2025-06-25
의정부시,의정부3동신도2·3차아파트경로당,"의정부시 경의로132번길 80 (의정부동, 신도2차아파트)",031-876-2097,1997-11-04,운영,33,2025-06-25
의정부시,의정부역센트럴자이&위브캐슬경로당,"의정부시 경의로 132 (의정부동, 의정부역센트럴자이&위브캐슬)",,2023-12-26,운영,68,2025-06-25
의정부시,의정부2동경로당, 의정부시 신흥로274번길 35 (의정부동),031-873-2152,1975-05-20,운영,25,2025-06-25
의정부시,동화아파트경로당," 의정부시 범골로 60, 1층(의정부동, 동화아파트)",031-872-1797,1996-03-30,운영,23,2025-06-25
의정부시,의정부2동북부경로당, 의정부시 가능로86번길 39-15 (의정부동),031-877-1655,1998-01-26,운영,43,2025-06-25
의정부시,종합경로당," 의정부시 신흥로207번길 51, 1층(의정부동)",031-875-5055,1992-12-23,운영,51,2025-06-25
의정부시,서부경로당, 의정부시 범골로98번길 87 (의정부동),031-826-8605,2002-07-16,운영,38,2025-06-25
의정부시,의정부일성트루엘아파트경로당,"의정부시 의정로40번길 12, 101동 지하(의정부동, 일성트루엘아파트)",,2019-02-25,운영,31,2025-06-25
의정부시,롯데캐슬골드파크2단지 경로당,"의정부시 범골로63번길 31(의정부동, 롯데캐슬골드파크2단지아파트)",,2019-12-02,운영,60,2025-06-25
의정부시,롯데캐슬골드파크1단지아파트 경로당,"의정부시 범골로63번길 13(의정부동, 롯데캐슬골드파크1단지아파트)",,2019-12-06,운영,50,2025-06-25
의정부시,의정부중앙교회경로당,의정부시 호국로1267번길 35,,2022-12-08,운영,50,2025-06-25
의정부시,장수원경로당, 의정부시 평화로 163 (호원동),031-872-4798,2003-01-09,운영,35,2025-06-25
의정부시,안말경로당, 의정부시 평화로243번길 36 (호원동),031-873-3317,1976-01-01,운영,52,2025-06-25
의정부시,다락원경로당, 의정부시 평화로37번길 6 (호원동),031-874-9518,1991-02-03,운영,54,2025-06-25
의정부시,호원건영아파트경로당 ," 의정부시 평화로168번길 12 (호원동, 건영아파트)",031-873-2447,1993-07-08,운영,50,2025-06-25
의정부시,호원우성1차아파트경로당," 의정부시 안말로85번길 10, 1층 (호원동, 우성1차아파트)",031-874-9965,1994-08-22,운영,24,2025-06-25
의정부시,호원우성2차아파트경로당," 의정부시 평화로230번길 36, 1층 (호원동, 우성2차아파트)",031-871-4185,1994-09-23,운영,21,2025-06-25
의정부시,호원우성3차아파트경로당," 의정부시 평화로322번길 52, 1층 (호원동, 우성3차아파트)",031-877-3798,1994-12-06,운영,30,2025-06-25
의정부시,"호원한주1,2차아파트경로당"," 의정부시 평화로290번길 11, 2층 (호원동, 한주아파트)",031-877-4087,1995-05-18,운영,28,2025-06-25
의정부시,호원우성5차아파트경로당," 의정부시 안말로 90, 1층 (호원동, 우성5차아파트)",031-878-2331,1995-08-21,운영,29,2025-06-25
의정부시,한주3차아파트경로당," 의정부시 평화로322번길 10, 2층 (호원동, 한주3차아파트)",031-871-2888,1996-06-19,운영,26,2025-06-25
의정부시,호원한주4차아파트경로당," 의정부시 평화로322번길 37, 1층 (호원동, 한주4차아파트)",031-872-9762,1996-07-15,운영,22,2025-06-25
의정부시,호원유원아파트경로당 ," 의정부시 평화로244번길 25, 2층 (호원동, 유원아파트)",031-878-9087,1996-10-21,운영,30,2025-06-25
의정부시,호원성호아파트경로당," 의정부시 안말로85번길 61, 1층 (호원동, 성호아파트)",031-879-9036,1999-01-01,운영,29,2025-06-25
의정부시,회룡한주아파트경로당," 의정부시 평화로 363-7, 1층 (호원동, 회룡한주5차아파트)",031-871-7436,1997-01-01,운영,23,2025-06-25
의정부시,호원신도7차아파트경로당," 의정부시 평화로 124, 1층 (호원동, 신도7차아파트)",031-825-3911,1999-01-01,운영,26,2025-06-25
의정부시,푸른마을아파트경로당," 의정부시 평화로272번길 29 (호원동, 푸른마을아파트)",031-829-2720,2000-03-23,운영,26,2025-06-25
의정부시,월드한아름아파트경로당," 의정부시 평화로202번길 15, 1층 (호원동, 월드한아름아파트)",031-824-4141,2002-03-21,운영,34,2025-06-25
의정부시,롯데아파트경로당," 의정부시 평화로 122 (호원동, 롯데아파트)",031-873-1101,2001-06-19,운영,26,2025-06-25
의정부시,호원흥화아파트경로당," 의정부시 평화로 271-10, 1층 (호원동, 흥화브라운빌아파트)",031-855-2251,2002-12-07,운영,33,2025-06-25
의정부시,신도101아파트경로당," 의정부시 평화로 271-9, 1층 (호원동, 신도아파트)",031-871-8793,2000-07-01,운영,25,2025-06-25
의정부시,호원아이파크아파트경로당," 의정부시 평화로150번길 26, 1층 (호원동, 아이파크호원동)",031-837-9495,2004-07-02,운영,39,2025-06-25
의정부시,신일유토빌플러스아파트경로당," 의정부시 평화로202번길 20, 1층 (호원동, 신일유토빌플러스아파트)",031-855-0929,2005-09-29,운영,46,2025-06-25
의정부시,호원신일엘리시움경로당," 의정부시 평화로 196, 3층(호원동, 호원신일엘리시움아파트)",031-823-3390,2010-11-02,운영,21,2025-06-25
의정부시,호원신일아파트경로당," 의정부시 평화로216번길 13, 1층 (호원동, 호원신일아파트)",031-875-4656,2013-09-11,운영,29,2025-06-25
의정부시,호원1동경로당,경기도 의정부시 호암로23번길 12(호원동),,2020-05-10,운영,35,2025-06-25
의정부시,외미경로당, 의정부시 신흥로96번길 29 (호원동),031-873-3792,1971-02-03,운영,20,2025-06-25
의정부시,범골경로당, 의정부시 범골로35번길 28 (호원동),031-872-6173,1985-12-10,운영,60,2025-06-25
의정부시,회룡경로당, 의정부시 전좌로156번길 43 (호원동),031-875-6632,1984-01-01,운영,46,2025-06-25
의정부시,호원한신1차아파트경로당," 의정부시 회룡로 111 (호원동, 호원한신1차아파트)",031-871-0600,1992-01-01,운영,34,2025-06-25
의정부시,쌍용아파트경로당," 의정부시 회룡로105번길 30, 1층 (호원동, 쌍용아파트)",031-874-3064,1994-07-02,운영,30,2025-06-25
의정부시,호원한신2차아파트경로당," 의정부시 회룡로105번길 7 (호원동, 호원한신2차아파트)",031-876-6788,1995-06-30,운영,34,2025-06-25
의정부시,호원미도아파트경로당," 의정부시 전좌로 204, 1층 (호원동, 미도아파트)",031-874-5118,1996-05-14,운영,36,2025-06-25
의정부시,호원현대아파트경로당," 의정부시 회룡로137번길 30, 1층 (호원동, 현대아파트)",031-871-9382,1996-07-22,운영,22,2025-06-25
의정부시,호원한국개나리아파트경로당," 의정부시 전좌로156번길 19, 1층 (호원동, 한국개나리아파트)",031-874-2755,1997-06-20,운영,34,2025-06-25
의정부시,호원우남1차아파트경로당," 의정부시 회룡로138번길 18, 2층 (호원동, 우남1차아파트)",031-829-2593,1997-06-13,운영,32,2025-06-25
의정부시,호원신원아파트경로당 ," 의정부시 회룡로105번길 37, 1층 (호원동, 신원아파트)",031-876-1827,1998-03-11,운영,21,2025-06-25
의정부시,호원가든1차아파트경로당," 의정부시 호동로 56, 1층 (호운동, 호원가든1차아파트)",031-829-3379,1998-03-31,운영,37,2025-06-25
의정부시,호원신도6차아파트경로당," 의정부시 범골로29번길 34, 2층(호원동, 신도6차아파트)",031-829-3356,1999-01-01,운영,54,2025-06-25
의정부시,하늘빛아파트경로당," 의정부시 범골로35번길 7, 1층(호원동, 하늘빛아파트)",031-876-2590,1998-05-28,운영,22,2025-06-25
의정부시,두산아파트경로당," 의정부시 백석로 62 (호원동, 두산아파트)",031-829-2499,1998-07-08,운영,34,2025-06-25
의정부시,호원삼익아파트경로당," 의정부시 백석로 33, 1층 (호원동, 삼익아파트)",031-823-2775,1998-01-01,운영,42,2025-06-25
의정부시,한승아파트경로당," 의정부시 평화로 374, 1층 (호원동, 한승아파트)",031-829-2916,1998-05-21,운영,25,2025-06-25
의정부시,호원가든2차아파트경로당," 의정부시 호동로 72 (호원동, 호원가든2차아파트)",031-826-3474,1999-01-01,운영,28,2025-06-25
의정부시,호원가든3차아파트경로당," 의정부시 범골로 23, 1층(호원동, 호원가든3차아파트)",031-871-4475,1999-01-01,운영,41,2025-06-25
의정부시,호동경로당, 의정부시 회룡로117번길 103 (호원동),031-826-3714,2000-11-25,운영,36,2025-06-25
의정부시,신일유토빌아파트경로당," 의정부시 호암로 236-1 (호원동, 신일유토빌아파트)",031-823-8853,1993-09-02,운영,54,2025-06-25
의정부시,호원한주5차아파트경로당," 의정부시 회룡로138번길 12, 2층 (호원동, 한주5차아파트)",031-877-2473,1997-06-30,운영,27,2025-06-25
의정부시,호원풍림아파트경로당," 의정부시 백석로 30, 1층 (호원동, 풍림아파트)",031-836-8005,2005-04-15,운영,29,2025-06-25
의정부시,회룡역풍림아이원아파트경로당," 의정부시 외미로 64 (호원동, 회룡역풍임아이원아파트)",031-838-2900,2007-10-31,운영,31,2025-06-25
의정부시,한승미메이드아파트경로당," 의정부시 신흥로 57-14, 1층 (호원동, 호원동한승미메이드아파트)",031-826-3556,2007-12-11,운영,27,2025-06-25
의정부시,신일유토빌시니어경로당,의정부시 호암로 256 (호원동),,2023-06-05,운영,91,2025-06-25
의정부시,장암경로당, 의정부시 동일로122번길 3 (장암동),031-872-6577,1992-04-01,운영,41,2025-06-25
의정부시,동막경로당," 의정부시 회룡로192번길 38, 3층 (장암동) - 임시(3년)",031-877-0832,1994-04-08,운영,52,2025-06-25
의정부시,장암주공2단지아파트경로당," 의정부시 동일로 397, 1층 (장암동, 장암2단지주공아파트)",031-875-9177,1993-09-04,운영,23,2025-06-25
의정부시,장암우성아파트경로당," 의정부시 동일로 400, 1층 (장암동, 장암우성아파트)",031-874-7737,1993-11-01,운영,26,2025-06-25
의정부시,장암주공1단지아파트경로당," 의정부시 회룡로192번길 11 (장암동, 장암1단지주공아파트)",031-876-0938,1995-03-07,운영,65,2025-06-25
의정부시,장암동아아파트경로당," 의정부시 장곡로 240, 2층 (장암동, 장암동아아파트)",031-879-0080,1998-12-09,운영,32,2025-06-25
의정부시,장암주공7단지아파트경로당," 의정부시  회룡로 254, 2층 (장암동, 주공아파트7단지)",031-976-0994,1998-09-02,운영,33,2025-06-25
의정부시,장암대우푸르지오아파트경로당," 의정부시 장곡로226번길 52, 1층 (장암동, 장암푸르지오아파트)",031-827-3827,2005-06-17,운영,25,2025-06-25
의정부시,장암삼환아파트경로당," 의정부시 동일로416번길 31, 1층 (장암동, 장암삼환나우빌아파트)",031-826-4124,2008-09-01,운영,24,2025-06-25
의정부시,수락리버시티1단지경로당," 의정부시 누원로 51 (장암동, 수락리버시티1단지아파트)",031-02-930-0854,2010-07-27,운영,55,2025-06-25
의정부시,수락리버시티2단지경로당," 의정부시 누원로 52 (장암동, 수락리버시티2단지아파트)",031-02-939-1199,2010-08-26,운영,24,2025-06-25
의정부시,신곡1동경로당, 의정부시 경의로177번길 37-3 (신곡동),031-848-1248,1991-01-03,운영,57,2025-06-25
의정부시,발곡경로당, 의정부시 동일로454번길 59-3 (신곡동),031-841-2765,1992-05-08,운영,53,2025-06-25
의정부시,성원아파트경로당," 의정부시 시민로 333, 1층 (신곡동, 성원아파트)",031-841-7102,1994-08-22,운영,27,2025-06-25
의정부시,신곡현대1차아파트경로당," 의정부시 시민로 321 (신곡동, 현대아파트)",031-840-8580,1995-05-17,운영,32,2025-06-25
의정부시,신일아파트경로당," 의정부시 시민로245번길 14, 1층 (신곡동, 신일1차아파트)",031-842-3713,1998-03-09,운영,24,2025-06-25
의정부시,서해아파트경로당," 의정부시 동일로466번길 3, 1층 (신곡동, 서해아파트)",031-842-5859,1998-10-02,운영,37,2025-06-25
의정부시,삼익한일아파트경로당," 의정부시 신곡로 36, 1층 (신곡동, 삼익아파트)",031-876-2465,1998-11-26,운영,38,2025-06-25
의정부시,신곡현대2차아파트경로당," 의정부시 신곡로 13, 1층 (신곡동, 현대2차아파트)",031-878-4116,1999-01-01,운영,22,2025-06-25
의정부시,동신현대3차아파트경로당," 의정부시 신곡로 35, 1층 (신곡동, 동신아파트)",031-872-3457,1999-03-31,운영,22,2025-06-25
의정부시,신곡주공5단지아파트경로당," 의정부시 회룡로 221, 2층 (신곡동, 주공아파트5단지)",031-874-3495,1999-01-01,운영,22,2025-06-25
의정부시,풍림한국아파트경로당," 의정부시 회룡로 245, 1층 (신곡동, 한국아파트)",031-829-1570,2000-06-01,운영,27,2025-06-25
의정부시,신곡대우아파트경로당," 의정부시 시민로317번길 29 (신곡동, 대우아파트)",031-841-5677,2000-03-31,운영,21,2025-06-25
의정부시,청춘경로당(장암현대1차) ," 의정부시 동일로 451-25 (신곡동, 현대1차아파트)",031-829-0775,2004-07-22,운영,25,2025-06-25
의정부시,신동아파밀리에아파트경로당," 의정부시 시민로179번길 38, 1층 (신곡동, 신동아파밀리에아파트)",031-824-3229,2005-07-12,운영,25,2025-06-25
의정부시,신곡한일유앤아이아파트경로당," 의정부시 시민로 258, 2층 (신곡동, 한일유앤아이아파트)",031-848-0546,2006-07-14,운영,25,2025-06-25
의정부시,극동스타클래스아파트경로당," 의정부시 시민로317번길 15, 1층 (신곡동, 극동스타클래스아파트)",031-848-2722,2006-10-30,운영,21,2025-06-25
의정부시,신곡 신일2차아파트경로당," 의정부시 시민로 253, 1층 (신곡동, 신일2차아파트)",031-843-0281,2009-03-11,운영,23,2025-06-25
의정부시,현진에버빌아파트경로당," 의정부시 시민로179번길 47, 1층(신곡동, 현진에버빌아파트)",031-846-1343,2012-07-06,운영,21,2025-06-25
의정부시,가래울경로당," 의정부시 시민로254번길 38, 1층(신곡동)",031-070-8954-1236,2012-05-14,운영,30,2025-06-25
의정부시,둔배미마을경로당, 의정부시 둔배미남길 31(신곡동),031-840-1110,2015-11-06,운영,56,2025-06-25
의정부시,청룡경로당,"의정부시 발곡로31번길 23-12, 1층(신곡동)",,2020-05-07,운영,36,2025-06-25
의정부시,이편한세상신곡파크비스타경로당,의정부시 시민로 287(신곡동),,2020-01-03,운영,30,2025-06-25
의정부시,신촌경로당, 의정부시 금신로296번길 27(신곡동),,1991-01-05,운영,32,2025-06-25
의정부시,동신아파트경로당," 의정부시 장금로 13 (신곡동, 동신아파트)",031-856-6923,1994-04-22,운영,25,2025-06-25
의정부시,삼도세라믹아파트경로당," 의정부시 장금로 54, 1층 (신곡동, 삼도아파트)",031-843-8951,1994-04-22,운영,28,2025-06-25
의정부시,삼환아파트경로당," 의정부시 추동로 32, 1층 (신곡동, 삼환아파트)",031-848-2728,1994-10-27,휴관,22,2025-06-25
의정부시,은하수아파트경로당," 의정부시 추동로 12, 1층 (신곡동, 은하수아파트)",031-843-7072,1994-12-30,운영,26,2025-06-25
의정부시,효자벽산아파트경로당," 의정부시 장금로78번길 41 (신곡동, 신곡벽산아파트)",031-840-8448,1995-04-27,운영,21,2025-06-25
의정부시,삼부아파트경로당," 의정부시 장금로 30, 1층 (신곡동, 삼부아파트)",031-845-4938,1995-05-31,운영,33,2025-06-25
의정부시,추동아파트경로당," 의정부시 능곡로 13, 1층 (신곡동, 추동아파트)",031-843-0504,1995-12-13,운영,24,2025-06-25
의정부시,극동동성아파트경로당," 의정부시 추동로 45, 1층 (신곡동, 극동아파트)",031-842-8608,1996-01-15,운영,29,2025-06-25
의정부시,신곡성원2차아파트경로당," 의정부시 능곡로 16-7 (신곡동, 신곡성원2차아파트)",031-824-8356,1998-08-18,운영,24,2025-06-25
의정부시,신곡건영아파트경로당," 의정부시 능곡로26번길 40, 101동 1층 (신곡동, 건영아파트)",031-843-1387,1999-01-01,운영,24,2025-06-25
의정부시,신곡주공4단지아파트경로당," 의정부시 능곡로 8, 2층 (신곡동, 주공아파트)",031-821-0270,2002-07-12,운영,29,2025-06-25
의정부시,신곡신명아파트경로당," 의정부시 능곡로 70, 1층 (신곡동, 신명아파트)",031-824-3805,2001-11-03,운영,23,2025-06-25
의정부시,금오주공9단지아파트경로당," 의정부시 부용로 226 (신곡동, 금오주공9단지아파트)",031-823-7266,2003-04-02,운영,46,2025-06-25
의정부시,신곡2동 드림밸리아파트경로당," 의정부시 장곡로 574, 1층 (신곡동, 드림밸리아파트)",031-827-3210,2003-09-23,운영,57,2025-06-25
의정부시,삼성래미안진흥아파트경로당," 의정부시 장곡로628번길 27 (신곡동, 진흥아파트)",031-824-5251,2004-01-22,운영,24,2025-06-25
의정부시,상록아이파크아파트경로당," 의정부시 부용로 174 (신곡동, 상록아이파크아파트)",031-825-5008,2003-10-31,운영,55,2025-06-25
의정부시,부용아파트경로당," 의정부시 장곡로 442 (신곡동, 부용아파트)",031-846-9498,2003-12-17,운영,26,2025-06-25
의정부시,금오4단지주공아파트경로당," 의정부시 장곡로 514 (신곡동, 금오주공그린빌4단지아파트)",031-853-4839,2004-02-18,운영,21,2025-06-25
의정부시,신곡풍림아이원아파트경로당," 의정부시 추동로91번길 15 (신곡동, 풍림아이원아파트)",031-853-7333,2005-12-29,운영,22,2025-06-25
의정부시,신곡주공3단지아파트경로당," 의정부시 금신로296번길 40 (신곡동, 신곡주공3단지아파트)",031-843-2091,2006-09-13,운영,23,2025-06-25
의정부시,신곡신명스카이뷰아파트경로당," 의정부시 추동로108번길 113 (신곡동, 신곡신명스카이뷰아파트)",031-838-2066,2007-07-02,운영,15,2025-06-25
의정부시,동오마을 경로당, 의정부시 장곡로 476 (신곡동),031-842-8898,2009-01-20,운영,32,2025-06-25
의정부시,이편한세상신곡포레스타뷰아파트경로당, 의정부시 금신로 276 (신곡동),,2022-07-15,운영,45,2025-06-25
의정부시,신성벽산아파트경로당,의정부시 능곡로 69 (신곡동),,2024-04-09,운영,25,2025-06-25
의정부시,구성경로당, 의정부시 고산로 195 (고산동),031-841-7294,1989-04-28,운영,34,2025-06-25
의정부시,고산경로당, 의정부시 송산로989번길 38 (고산동),031-841-6686,1989-04-28,운영,27,2025-06-25
의정부시,흑석경로당, 의정부시 송산로939번길 61-10 (산곡동),031-841-6269,1989-04-28,운영,52,2025-06-25
의정부시,송산동(만가대)경로당, 의정부시 송산로1181번길 76 (용현동),031-848-1242,1989-04-28,운영,49,2025-06-25
의정부시,보광아파트경로당," 의정부시 시민로387번길 5 (용현동, 보광아파트)",031-844-3621,1991-08-02,운영,27,2025-06-25
의정부시,세아1차아파트경로당," 의정부시 시민로387번길 54 (용현동, 세아1차아파트)",031-821-5197,1991-11-21,운영,43,2025-06-25
의정부시,용현현대1차아파트경로당," 의정부시 오목로 36 (용현동, 현대1차아파트)",031-842-0938,1992-12-30,운영,31,2025-06-25
의정부시,용현현대2차아파트경로당," 의정부시 오목로 1 (용현동, 현대2차아파트)",031-840-9009,1998-07-20,운영,30,2025-06-25
의정부시,세아2차아파트경로당," 의정부시 용민로7번길 17 (용현동, 세아2차아파트)",031-851-9709,1997-09-19,운영,30,2025-06-25
의정부시,그랜드아파트경로당," 의정부시 오목로35번길 10 (용현동, 그랜드아파트)",031-851-4246,1998-10-19,운영,20,2025-06-25
의정부시,용현건영아파트경로당," 의정부시 용민로7번길 50 (용현동, 용현건영아파트)",031-851-3136,1999-01-30,운영,42,2025-06-25
의정부시,용현신도10차아파트경로당," 의정부시 용현로 40 (용현동, 신도10차아파트) ",031-825-0202,2002-03-21,운영,61,2025-06-25
의정부시,송산주공1단지아파트경로당," 의정부시 부용로 233 (용현동, 송산주공1차아파트)",031-827-7897,2002-12-11,운영,30,2025-06-25
의정부시,정원경로당(정자마을), 의정부시 고산로65번길 26-4 (고산동),031-821-9981,2003-02-28,운영,24,2025-06-25
의정부시,용현신도브래뉴아파트경로당," 의정부시 용현로 72 (용현동, 신도브래뉴아파트)",031-825-0086,2006-07-31,운영,23,2025-06-25
의정부시,용현11차신도브래뉴아파트경로당," 의정부시 용민로21번길 63 (용현동, 용현11차신도브래뉴아파트)",031-838-0326,2007-07-02,운영,28,2025-06-25
의정부시,용현건영캐스빌아파트경로당," 의정부시 용민로7번길 89 (용현동, 용현건영캐스빌아파트)",031-852-3020,2007-08-21,운영,20,2025-06-25
의정부시,방아다리경로당, 의정부시 용민로21번길 45 (용현동),031-851-3652,2008-12-18,운영,31,2025-06-25
의정부시,동문아파트경로당," 의정부시 오목로4번길 5, 1층 (용현동, 동문아파트)",031-843-0099,2013-07-23,운영,22,2025-06-25
의정부시,우영경로당,의정부시 오목로14번길 19-5(용현동),,2018-10-11,운영,31,2025-06-25
의정부시,고산센트레빌5단지아파트경로당,"의정부시 서광로 166, 1층(산곡동, 고산센트레빌)",,2021-10-08,운영,31,2025-06-25
의정부시,한신더휴고산1단지경로당,의정부시 입암로 13(고산동),,2022-06-07,운영,26,2025-06-25
의정부시,정음마을고산1단지경로당,의정부시 입암로 14(고산동),,2022-06-30,운영,33,2025-06-25
의정부시,고산2단지아파트경로당,의정부시 정음로 15(고산동),,2022-06-07,운영,67,2025-06-25
의정부시,고산대방노블랜드아파트경로당,의정부시 서광로 210(고산동),,2022-07-15,운영,24,2025-06-25
의정부시,쌍용더플래티넘4단지경로당,의정부시 서광로 187(고산동),,2022-10-18,운영,52,2025-06-25
의정부시,탑석센트럴자이아파트경로당,의정부시 용민로 10(용현동),,2022-11-07,운영,125,2025-06-25
의정부시,고산대광아파트경로당,의정부시 서광로 169 (산곡동),,2023-03-17,운영,34,2025-06-25
의정부시,고산리슈빌포레경로당,의정부시 훈민로 13 (고산동),,2023-07-13,운영,21,2025-06-25
의정부시,고산수자인디에스티지경로당,의정부시 수암로 25 (산곡동),,2024-03-06,운영,29,2025-06-25
의정부시,오목경로당, 의정부시 오목로122번길 13 (민락동),031-851-6440,1989-04-28,운영,20,2025-06-25
의정부시,민락주공2단지아파트경로당," 의정부시 오목로 150 (민락동, 주공2단지아파트)",031-851-3123,2000-03-29,운영,24,2025-06-25
의정부시,산들마을4단지아파트경로당," 의정부시 오목로 168 (민락동, 산들마을4단지아파트)",031-852-0042,2000-01-01,운영,24,2025-06-25
의정부시,산들마을1단지아파트경로당," 의정부시 용현로 143 (민락동, 산들마을1단지아파트)",031-852-2581,2000-03-23,운영,53,2025-06-25
의정부시,민락청구1차아파트경로당," 의정부시 오목로 112 (민락동, 청구1차아파트)",031-852-3339,2001-06-04,운영,23,2025-06-25
의정부시,송산주공5단지아파트경로당," 의정부시 송현로 87 (민락동, 주공5단지아파트)",031-851-3304,2001-12-24,운영,24,2025-06-25
의정부시,민락서광청구아파트경로당," 의정부시 오목로 169 (민락동, 서광청구아파트)",031-851-8840,2001-12-31,운영,26,2025-06-25
의정부시,송산주공6단지아파트경로당," 의정부시 효자로 26 (민락동, 주공6단지아파트)",031-853-2342,2001-06-13,운영,20,2025-06-25
의정부시,송산팰리스아파트경로당," 의정부시 효자로 25 (민락동, 송산팰리스아파트)",031-825-7017,2002-12-05,운영,70,2025-06-25
의정부시,송산주공7단지아파트경로당," 의정부시 용현로 118 (민락동, 주공7단지아파트)",031-852-2205,2003-01-09,운영,41,2025-06-25
의정부시,탑석드림캐슬경로당," 의정부시 오목로 72 (민락동, 주공4단지아파트) ",031-824-7506,2003-02-07,운영,22,2025-06-25
의정부시,한라비발디아파트경로당," 의정부시 오목로 77 (민락동, 한라비발디아파트)",031-851-1034,2003-12-24,운영,21,2025-06-25
의정부시,송산주공3단지아파트경로당," 의정부시 효자로 40 (민락동, 주공3단지아파트)",031-853-5227,2004-02-18,운영,20,2025-06-25
의정부시,송산대우푸르지오아파트경로당," 의정부시 용현로105번길 26 (민락동, 대우푸르지오아파트)",031-852-1517,2005-09-09,운영,14,2025-06-25
의정부시,민락e-편한세상아파트경로당," 의정부시 승지로 27 (민락동, e-편한세상아파트)",031-853-9166,2007-03-29,운영,20,2025-06-25
의정부시,곤제경로당, 의정부시 천보로122번길 83-6 (낙양동),031-851-8934,1989-04-28,운영,51,2025-06-25
의정부시,양지마을8단지아파트경로당," 의정부시 송양로 45, 1층 (낙양동, 양지마을아파트)",031-853-3633,2013-06-27,운영,61,2025-06-25
의정부시,용암마을16단지아파트경로당," 의정부시 용민로 420, 1층 (낙양동, 용암마을아파트)",031-851-5359,2013-06-27,운영,22,2025-06-25
의정부시,LH부용마을3단지아파트경로당," 의정부시 오목로 251, 1층 (낙양동, 부용마을3단지 주민복지관2)",031-851-1003,2014-03-31,운영,56,2025-06-25
의정부시,민락센트럴아파트경로당," 의정부시 용민로 442, 2층 (민락동, 민락15단지 주민복지관1)",031-853-2398,2014-07-08,운영,15,2025-06-25
의정부시,민락푸르지오아파트경로당," 의정부시 송양로 46 (낙양동, 민락푸르지오아파트)",031-853-7790,2015-12-10,운영,53,2025-06-25
의정부시,용암마을13단지경로당,"의정부시 용민로 429-39 (낙양동, 용암마을13단지아파트)",,2017-04-20,운영,63,2025-06-25
의정부시,휴스토리아파트경로당,"의정부시 오목로 252 (낙양동, 엘에이치휴스토리아파트)",031-851-1507,2017-06-26,운영,31,2025-06-25
의정부시,민락금강펜테리움아파트 경로당,"의정부시 용민로 263 (낙양동, 민락금강펜테리움아파트)",031-851-3038,2018-06-01,운영,24,2025-06-25
의정부시,민락호반베르디움2차아파트경로당,"의정부시 송양로 16(낙양동, 민락호반베르디움2차아파트)",031-852-6667,2018-09-03,운영,20,2025-06-25
의정부시,민락반도유보라아이비파크아파트경로당,"의정부시 용민로 304(낙양동, 민락반도유보라아이비파크아파트)",,2018-09-03,운영,30,2025-06-25
의정부시,LH민락양지마을10단지경로당,"의정부시 용민로 373-17(낙양동, LH민락양지마을10단지아파트)",,2019-02-01,운영,35,2025-06-25
의정부시,라디언트캐슬아파트12단지 경로당,"의정부시 용민로 419(낙양동, 라디언트캐슬아파트12단지)",031-852-5708,2019-03-15,운영,21,2025-06-25
의정부시,민락대방노블랜드9단지경로당,"의정부시 용민로 374(낙양동, 민락대방노블랜드9단지)",,2019-06-14,운영,32,2025-06-25
의정부시,민락대광로제비앙포레스트 경로당,의정부시 용민로 373-20(낙양동),,2020-01-02,운영,56,2025-06-25
의정부시,LH브라운빌리지14단지 경로당," 의정부시 용민로 441 (민락동, LH브라운빌리지)",031-852-9407,2016-05-12,운영,22,2025-06-25
의정부시,제3차호반베르디움경로당,"의정부시 송양로 93(민락동, 제3차호반베르디움아파트)",,2018-01-31,운영,20,2025-06-25
의정부시,민락엘레트아파트경로당,"의정부시 송양로 94 (민락동, 민락엘레트아파트)",,2018-06-26,운영,39,2025-06-25
의정부시,민락17단지아파트경로당," 의정부시 송양로 75 (민락동, 민락17단지)",031-852-8899,2015-02-10,운영,21,2025-06-25
의정부시,민락호반베르디움1차아파트경로당,"의정부시 민락로 211(민락동, 민락호반베르디움1차아파트)",,2018-08-01,운영,23,2025-06-25
의정부시,민락우미린더스카이아파트경로당,"의정부시 송양로 76(민락동, 민락우미린더스카이아파트)",,2019-11-01,운영,31,2025-06-25
의정부시,자금동꽃동네경로당, 의정부시 하금로 15-10 (금오동),031-847-2468,1978-11-15,운영,51,2025-06-25
의정부시,상금오경로당(대체시설)," 의정부시 금오로102-19, 2층 202호(금오동, 세명그린빌)",031-846-6403,1978-01-01,운영,53,2025-06-25
의정부시,중금오경로당, 의정부시 금오로23번길 29 (금오동),031-847-9513,1982-10-09,운영,63,2025-06-25
의정부시,거북경로당, 의정부시 거북로11번길 18 (금오동),031-846-9126,1986-11-01,운영,54,2025-06-25
의정부시,금오경로당,의정부시 거북로6번길 15(금오동),,2022-04-22,운영,28,2025-06-25
의정부시,무정경로당, 의정부시 동일로681번길 24 (금오동),031-847-4272,1991-01-03,운영,36,2025-06-25
의정부시,한양빌라경로당," 의정부시 천보로569번길 12 (금오동, 한양빌라)",031-847-2469,1991-03-10,운영,23,2025-06-25
의정부시,금오세아아파트경로당," 의정부시 상금로 31-14 (금오동, 금오세아아파트)",031-847-3348,1997-05-31,운영,30,2025-06-25
의정부시,거성아파트경로당," 의정부시 상금로 36 (금오동, 거성아파트)",031-846-1778,1998-09-16,운영,22,2025-06-25
의정부시,천보경로당, 의정부시 상금로 47 (금오동),031-846-5276,2000-09-08,운영,36,2025-06-25
의정부시,산장경로당, 의정부시 하금로43번길 26 (금오동),031-846-6416,2000-12-19,운영,20,2025-06-25
의정부시,금오파스텔아파트경로당," 의정부시 상금로 41-16 (금오동, 파스텔아파트)",031-825-8887,1998-06-02,운영,17,2025-06-25
의정부시,금오현대아이파크아파트경로당," 의정부시 부용로 87 (금오동, 현대아이파크아파트)",031-827-5252,2006-02-02,운영,23,2025-06-25
의정부시,금오주공그린빌1단지아파트경로당," 의정부시 부용로 45 (금오동, 주공그린빌1단지아파트)",031-825-2888,2002-10-05,운영,34,2025-06-25
의정부시,귀락경로당," 의정부시 민락로560번길 36-20, 1층 (자일동)",031-851-7119,2004-01-30,운영,32,2025-06-25
의정부시,금오주공3단지아파트경로당," 의정부시 청사로48번길 26 (금오동, 금오주공3단지아파트)",031-853-5266,2004-05-12,운영,38,2025-06-25
의정부시,금오신도브래뉴1차아파트경로당," 의정부시 호국로 1369 (금오동, 금오신도브래뉴1차아파트)",031-848-7642,2005-03-28,운영,29,2025-06-25
의정부시,금오주공그린빌2차아파트경로당," 의정부시 하금로 44 (금오동, 금오주공그린빌2차아파트)",031-848-2988,2005-08-06,운영,41,2025-06-25
의정부시,금오우암센스뷰아파트경로당," 의정부시 천보로 287 (금오동, 우암센스뷰아파트)",031-824-3633,2007-09-19,운영,23,2025-06-25
의정부시,자일2통경로당," 의정부시 호국로 1782, 2층(자일동)",031-847-1300,2008-02-01,운영,31,2025-06-25
의정부시,금오2차신도브래뉴업아파트경로당," 의정부시 동일로 660 (금오동, 금오2차신도브래뉴업아파트)",031-847-4547,2008-05-28,운영,42,2025-06-25
의정부시,금오벽산블루밍아파트경로당," 의정부시 금오로 92 (금오동, 벽산블루밍아파트)",031-8083-2260,2008-10-29,운영,23,2025-06-25
의정부시,아남주상복합아파트경로당,의정부시 호국로 1385(금오동),,2020-01-03,운영,23,2025-06-25
의정부시,가능1동분회(신촌)경로당," 의정부시 신촌로17번길 29-21, 1층 (가능동)",031-875-6458,1991-01-03,운영,41,2025-06-25
의정부시,가능1동북부경로당, 의정부시 신흥로353번길 19 (가능동),031-875-6458,1988-09-01,운영,30,2025-06-25
의정부시,입석경로당, 의정부시 입석로 97 (가능동),031-826-5090,1992-01-21,운영,36,2025-06-25
의정부시,성원경로당, 의정부시 녹양로34번길 59 (가능동),031-875-4868,1993-10-13,운영,20,2025-06-25
의정부시,가재울경로당, 의정부시 흥선로15번길 49-6 (가능동),031-829-1027,1998-10-12,운영,53,2025-06-25
의정부시,가능경로당, 의정부시 신촌로53번길 48 (가능동),031-874-3144,2005-09-29,운영,60,2025-06-25
의정부시,SK뷰아파트경로당," 의정부시 신촌로 18-7, 1층 (가능동, SK뷰아파트)",031-836-9069,2007-12-03,운영,32,2025-06-25
의정부시,금광포란재이너스아파트경로당," 의정부시 녹양로18번길 30, 1층 (가능동, 금광포란재이너스아파트)",031-826-2310,2009-03-05,운영,22,2025-06-25
의정부시,가능풍전경로당," 의정부시 비우로20번길 32, 6-101가능동)",,2019-06-10,운영,23,2025-06-25
의정부시,힐스테이트녹양역아파트경로당,"의정부시 가금로34번길 23(가능동, 힐스테이트녹양아파트)",031-928-5073,2019-06-27,운영,35,2025-06-25
의정부시,더샵파크에비뉴아파트경로당,의정부시 호국로1162번길 24 (가능동),,2023-05-31,운영,55,2025-06-25
의정부시,의정부롯데캐슬골드포레아파트경로당,의정부시 안말로 20 (가능동),,2024-01-15,운영,21,2025-06-25
의정부시,흥선동경로당, 의정부시 호국로1183번길 26 (가능동),031-872-4149,1982-10-01,운영,106,2025-06-25
의정부시,가능3동경로당," 의정부시 흥선로16번길 72-3, 1층 (가능동)",031-872-9216,1995-02-22,운영,26,2025-06-25
의정부시,수원지경로당, 의정부시 호국로1049번길 40 (가능동),031-872-2521,1995-01-01,운영,84,2025-06-25
의정부시,가능3동 신도1차아파트경로당, 의정부시 서부로 527 (가능동),031-872-6737,1999-01-09,운영,21,2025-06-25
의정부시,제일경로당, 의정부시 흥선로24번길 27 (가능동),031-873-3132,2001-02-22,운영,29,2025-06-25
의정부시,브라운스톤경로당," 의정부시 호국로1142번길 22, 2층 (가능동, 브라운스톤아파트)",031-836-5538,2008-05-26,운영,25,2025-06-25
의정부시,행복경로당, 의정부시 흥선로108-12 (가능동),031-877-1788,2017-05-25,운영,47,2025-06-25
의정부시,녹양현대아파트경로당," 의정부시 녹양로 86-13 (녹양동, 녹양현대아파트)",031-874-8768,1991-08-15,운영,28,2025-06-25
의정부시,동원1차아파트경로당," 의정부시 녹양로62번길 98, 1층 (녹양동, 동원아파트)",031-878-8449,1994-07-14,운영,20,2025-06-25
의정부시,녹양청구아파트경로당," 의정부시 녹양로 71-7 (녹양동, 청구아파트)",031-878-0335,1995-05-31,운영,20,2025-06-25
의정부시,동원2차아파트경로당," 의정부시 녹양로62번길 96-13, 2층 (녹양동, 동원아파트)",031-878-9636,1995-12-06,운영,23,2025-06-25
의정부시,녹양신도9차아파트경로당," 의정부시 진등로19번길 20, 1층 (녹양동, 신도아파트)",031-829-9768,2001-06-13,운영,15,2025-06-25
의정부시,녹양대림아파트경로당," 의정부시 체육로 206-14, 1층 (녹양동,대림아파트)",031-827-3633,2001-08-09,운영,25,2025-06-25
의정부시,무궁화경로당, 의정부시 비우로92번길 13-16 (녹양동),031-877-0110,1998-05-28,운영,29,2025-06-25
의정부시,장수경로당, 의정부시 녹양로62번길 19-24 (녹양동),031-829-3336,2005-11-29,운영,23,2025-06-25
의정부시,녹양현대힐스테이트아파트경로당," 의정부시 녹양로62번길 12, 1층 (녹양동, 힐스테이트)",031-838-0437,2007-05-25,운영,31,2025-06-25
의정부시,영무예다음아파트경로당," 의정부시 녹양로 57 (녹양동, 영무예다음)",031-855-1501,2007-12-11,운영,22,2025-06-25
의정부시,버들개경로당, 의정부시 버들로15번길 17 (녹양동),031-877-1009,2008-01-30,운영,54,2025-06-25
의정부시,녹양휴먼시아 1단지경로당," 의정부시 체육로 278, 102동 1층 1호 (녹양동, 휴먼시아아파트)",031-838-9393,2008-10-28,운영,24,2025-06-25
의정부시,녹양휴먼시아 2단지경로당," 의정부시 체육로 298-12, 203동 1호 (녹양동, 휴먼시아아파트)",031-838-6607,2008-10-28,운영,29,2025-06-25
의정부시,녹양휴먼시아 3단지경로당," 의정부시 본원로 39, 1층 (녹양동, 휴먼시아아파트)",031-836-7055,2009-03-06,운영,22,2025-06-25
의정부시,녹양휴먼시아 4단지경로당," 의정부시 본원로 40, 406동 1층 (녹양동, 휴먼시아아파트)",031-876-8008,2008-12-18,운영,20,2025-06-25
의정부시,호명산빌리지경로당," 의정부시 입석로 70번길 26, 115동 2층 (녹양동, 호명산빌리지)",031-876-7728,2011-11-07,운영,20,2025-06-25
의정부시,녹양LH5단지경로당, 의정부시 본원로46번길 16(녹양동),031-876-6541,2019-07-24,운영,27,2025-06-25
의정부시,고산수자인디에스티지아트포레경로당, 의정부시 문화로 38 (산곡동),,2025-05-21,운영,35,2025-06-25
의정부시,의정부시니어클럽, 의정부시 장곡로 476(신곡동),031-826-0760,2014-12-18,운영,-,2025-06-25
의정부시,의정부노인종합복지관,의정부시 경의로85번길 16-12,031-826-0742,1994-11-18,운영,,2025-06-25
의정부시,송산노인종합복지관,의정부시 용민로 99,031-852-2595,2005-04-07,운영,,2025-06-25
의정부시,신곡노인종합복지관,의정부시 금신로297번길 38,031-840-5300,2011-06-28,운영,,2025-06-25
의정부시,흥선노인복지관,의정부시 호국로1135번길 15,031-840-5302,2019-03-18,운영,,2025-06-25
의정부시,사임당요양원,"의정부시 오목로205번길 61, 4층 (민락동)",031-851-6666,2017-04-06,운영,46,2025-06-25
의정부시,튼튼요양원,"의정부시 용민로 198, 6, 7층 (민락동)",031-851-8875,2018-01-31,운영,121,2025-06-25
의정부시,늘예랑요양원(3),"의정부시 장곡로 626 (신곡동, 금오종합상가 B동 803,4,5,6호)",031-852-9192,2013-05-13,운영,22,2025-06-25
의정부시,나눔의샘평안노인요양공동생활가정,"의정부시 부용로214번길 26 (신곡동, 2~3층)",031-851-5697,2008-05-23,운영,9,2025-06-25
의정부시,민락소망요양원,"의정부시 오목로225번길 141, 403호 (민락동)",031-851-9004,2016-10-06,운영,25,2025-06-25
의정부시,가인재활실버케어,의정부시 용민로 226 (낙양동),031-853-2400,2023-01-01,운영,96,2025-06-25
의정부시,노블피아 요양원,의정부시 안개울길 15 (용현동),031-856-9977,2023-11-01,운영,94,2025-06-25
의정부시,메디컬케어요양원,의정부시 문충로 148 (고산동),031-821-4300,2024-10-01,운영,49,2025-06-25
의정부시,햇살요양원,"의정부시 시민로 202, 3,4,5,6층 (신곡동)",031-821-2100,2017-09-28,운영,49,2025-06-25
의정부시,금오요양원,의정부시 금오로 8 (금오동),031-848-6050,2017-02-01,운영,80,2025-06-25
의정부시,금오햇살요양원,"의정부시 장곡로596번길 15, 8층 (신곡동)",070-4793-2100,2022-07-01,운영,29,2025-06-25
의정부시,늘곁에올케어요양원,의정부시 금오로 115-10 (금오동),031-844-1001,2022-06-01,운영,68,2025-06-25
의정부시,노인요양공동생활가정 행복한 쉼터,의정부시 비우로108번길 46-9 (녹양동),031-826-9175,2012-09-11,운영,9,2025-06-25
의정부시,축복의 향기 요양원,의정부시 송산로939번길 79 (산곡동),031-856-9999,2011-12-12,운영,103,2025-06-25
의정부시,우리노인요양원(녹양),의정부시 입석로70번길 58 (녹양동),031-877-8803,2012-01-04,운영,37,2025-06-25
의정부시,엔젤재활요양원,의정부시 금신로296번길 6 (신곡동),031-846-7700,2024-12-01,운영,99,2025-06-25
의정부시,사랑요양원,"의정부시 장곡로 598, 701호 (신곡동, 월드프라자)",031-823-8291,2020-04-01,운영,29,2025-06-25
의정부시,가능요양복지센터,의정부시 녹양로 16 (가능동),031-875-8000,2012-08-30,운영,131,2025-06-25
의정부시,위너스요양원,의정부시 천보로553번길 27-2 (금오동),031-847-7162,2025-06-01,운영,41,2025-06-25
의정부시,행복요양원,"의정부시 발곡로 10, 4층 (신곡동, 백상프라자)",031-872-0123,2018-06-26,운영,70,2025-06-25
의정부시,우리노인요양원,"의정부시 경의로 56, 2층 (의정부동)",031-877-8801,2017-12-14,운영,9,2025-06-25
의정부시,조은요양원,"의정부시 효자로 14, 2층 (민락동)",031-853-8640,2021-02-01,운영,29,2025-06-25
의정부시,즐거운요양원,의정부시 승지로19번길 33 (민락동),031-871-8478,2024-04-01,운영,26,2025-06-25
의정부시,로뎀실버케어,의정부시 용민로 226 (낙양동),031-853-9933,2023-01-01,운영,96,2025-06-25
의정부시,사랑뜰요양원,"의정부시 평화로 636, 5층 (의정부동, 대호빌딩)",031-848-2555,2020-10-01,운영,9,2025-06-25
의정부시,부모사랑요양원 2호점,"의정부시 평화로 309, 4층 (호원동)",031-872-3454,2025-05-01,운영,26,2025-06-25
의정부시,민락휴요양원,"의정부시 오목로205번길 67, 4층 401~403호 (민락동)",031-851-3698,2024-05-01,운영,17,2025-06-25
의정부시,효경요양원,"의정부시 청사로47번길 7-28, 3층 (금오동)",031-823-3601,2024-12-01,운영,20,2025-06-25
의정부시,21세기요양복지센터,"의정부시 안말로 66 (호원동, 21세기 요양복지센터)",031-837-3800,2014-04-01,운영,108,2025-06-25
의정부시,예마루요양원,"의정부시 발곡로 10 (신곡동, 백상프라자 5층)",031-837-3351,2019-11-26,운영,75,2025-06-25
의정부시,효인요양원,"의정부시 청사로47번길 15, 3층 301~305호 (금오동, 골드피아)",031-853-3330,2021-08-01,운영,29,2025-06-25
의정부시,의정부행복한요양원,의정부시 송산로1181번길 70-31 (용현동),031-841-6221,2013-05-16,운영,43,2025-06-25
의정부시,루시아참요양원,의정부시 입석로70번길 60 (녹양동),031-872-6267,2024-10-01,운영,37,2025-06-25
의정부시,가람플러스요양원,"의정부시 오목로205번길 1, 304호 (민락동, 예스타워)",031-852-9436,2019-12-19,운영,9,2025-06-25
의정부시,블레스널싱실버케어,의정부시 용민로 226 (낙양동),031-871-3300,2023-01-01,운영,96,2025-06-25
의정부시,드림시니어케어,의정부시 용민로 226 (낙양동),031-872-9000,2023-01-01,운영,96,2025-06-25
의정부시,우리집 실버 요양원,의정부시 동일로466번길 64 (신곡동),031-842-5050,2018-12-19,운영,49,2025-06-25
의정부시,명품요양원,의정부시 송산로1161번길 130 (용현동),031-843-9600,2016-04-19,운영,70,2025-06-25
의정부시,가온요양원,"의정부시 오목로225번길 135, 8층 (민락동)",031-851-7877,2017-01-20,운영,20,2025-06-25
의정부시,VIP보명요양원,의정부시 능곡로26번길 49 (신곡동),031-821-6696,2016-12-10,운영,81,2025-06-25
의정부시,금강요양원,"의정부시 청사로 49, 1001호 (금오동)",031-840-9977,2024-06-01,운영,28,2025-06-25
의정부시,아가페요양원,"의정부시 부용로95번길 10, 7층 (금오동)",031-852-2241,2017-07-05,운영,29,2025-06-25
의정부시,의정부 녹양건강한요양원 ,"의정부시 체육로 298-13, 302호 (녹양동)",031-855-9829,2021-07-01,운영,9,2025-06-25
의정부시,광림요양원,의정부시 송산로1181번길 107-18 (용현동),031-846-7733,2019-07-10,운영,99,2025-06-25
의정부시,보금자리요양원,"의정부시 체육로 298-7 (녹양동, 크로바 프라자 3,7층)",031-829-2829,2013-04-16,운영,29,2025-06-25
의정부시,로얄실버케어,의정부시 용민로 226 (낙양동),031-853-9999,2023-01-01,운영,96,2025-06-25
의정부시,궁전노인전문요양원,의정부시 오목로35번길 25-26 (용현동),031-845-9600,2022-08-01,운영,74,2025-06-25
의정부시,다정한요양원,의정부시 승지로19번길 33 (민락동),031-853-3312,2022-07-01,운영,26,2025-06-25
의정부시,느티나무요양원,"의정부시 오목로225번길 161, 402호 (민락동)",031-852-5530,2016-09-01,운영,17,2025-06-25
의정부시,한양실버캐슬요양원,"의정부시 오목로225번길 161, 401호 (민락동)",031-852-1131,2016-08-04,운영,21,2025-06-25
의정부시,빛난 그대 요양원,"의정부시 부용로 95, 601호 (금오동, 현대프라자)",031-851-7577,2021-01-01,운영,13,2025-06-25
의정부시,다온요양원,"의정부시 호국로 1385, 2층 (금오동)",031-848-4470,2025-02-01,운영,45,2025-06-25
의정부시,예가요양원,"의정부시 오목로225번길 140, 405 (민락동, 성산타워)",031-852-7706,2015-12-31,운영,23,2025-06-25
의정부시,행복돌봄요양원,"의정부시 부용로 95, 802호 (금오동, 현대프라자)",031-847-9860,2019-12-19,운영,17,2025-06-25
의정부시,사랑자리요양원(본점),"의정부시 체육로 298-13 (녹양동, 6층, 7층)",031-829-8383,2017-11-01,운영,21,2025-06-25
의정부시,의정부노인센터 실버빌,의정부시 경의로 41 (의정부동),031-876-3931,2015-06-24,운영,29,2025-06-25
의정부시,루시아요양원,"의정부시 평화로 636, 6층 (의정부동, 대호빌딩)",031-848-6459,2020-03-01,운영,9,2025-06-25
의정부시,베스트요양원,"의정부시 용현로105번길 11, 2층 108호 (민락동)",031-852-1111,2024-02-01,운영,29,2025-06-25
의정부시,한사랑요양원,"의정부시 용현로105번길 11, 301호 (민락동)",031-853-3556,2020-06-01,운영,26,2025-06-25
의정부시,호원 사랑마루 요양원,"의정부시 평화로 381, 5층 (호원동, 준원프라자)",031-877-1141,2016-04-05,운영,29,2025-06-25
의정부시,늘예랑요양원,"의정부시 장곡로628번길 22, 8층 (신곡동, 삼성플러스)",031-852-3232,2022-04-01,운영,22,2025-06-25
의정부시,사랑방요양원,"의정부시 용민로 110, 2층 201호 (민락동)",031-851-5083,2023-12-01,운영,25,2025-06-25
의정부시,보금자리요양원(키움점),"의정부시 체육로 306-32, 4층 (녹양동)",031-855-2829,2016-07-01,운영,9,2025-06-25
의정부시,성모요양원,의정부시 태평로 207 (의정부동),031-821-0076,2017-12-06,운영,66,2025-06-25
의정부시,보금자리 요양원 (녹양점),"의정부시 체육로 306-14, 6층 (녹양동)",031-837-7761,2023-12-01,운영,9,2025-06-25
의정부시,해오름요양원2관,"의정부시 금오로 121-7, 2층 (금오동)",031-821-8820,2024-07-01,운영,9,2025-06-25
의정부시,원추리 실버케어 요양원,"의정부시 체육로 298-5, 5,6,7,8층 (녹양동)",031-855-5010,2019-02-01,운영,49,2025-06-25
의정부시,해오름요양원1관,"의정부시 금오로 121-7, 3층 (금오동)",031-821-8800,2024-07-01,운영,9,2025-06-25
의정부시,심청이 요양원 2,"의정부시 평화로 309, 4층 (호원동)",031-872-5696,2019-01-01,운영,26,2025-06-25
의정부시,나섬요양원,"의정부시 평화로 636, 3층 (의정부동, 대호빌딩 3층)",031-821-0075,2020-12-01,운영,9,2025-06-25
의정부시,루시아요양원7,"의정부시 평화로 636, 7층 (의정부동, 대호빌딩)",031-846-8890,2020-05-01,운영,9,2025-06-25
의정부시,효사랑요양원,"의정부시 체육로 304, 8층 (녹양동, 녹양프라자)",031-877-3220,2021-05-01,운영,17,2025-06-25
의정부시,푸른숲요양원,의정부시 녹양로125번길 133 (녹양동),031-1577-9165,2012-03-06,운영,46,2025-06-25
의정부시,참조은재활요양원,"의정부시 오목로205번길 61, 6층 (민락동)",031-852-8650,2017-03-20,운영,40,2025-06-25
의정부시,의정요양원,의정부시 금오로 9-12 (금오동),031-846-1145,2017-11-17,운영,99,2025-06-25
의정부시,금빛요양원,"의정부시 장곡로628번길 22, 9층 (신곡동)",031-851-9999,2022-01-01,운영,22,2025-06-25
의정부시,휴마루 시니어타운,의정부시 오목로35번길 25-25 (용현동),031-872-2525,2013-09-30,운영,75,2025-06-25
의정부시,그린요양원,"의정부시 효자로 10, 801, 807호 (민락동)",031-851-7703,2025-04-01,운영,9,2025-06-25
의정부시,시온의집 요양원,의정부시 시민로387번길 59 (용현동),031-848-5885,2008-08-19,운영,20,2025-06-25
의정부시,용현노인생활가정,"의정부시 충의로 37, 4층 (용현동)",031-851-1163,2012-11-01,운영,9,2025-06-25
의정부시,의정부 사랑마루,의정부시 회룡로 188 (장암동),031-826-1141,2012-01-02,운영,39,2025-06-25
의정부시,예다움요양원,"의정부시 장곡로 606 (신곡동,엘리트타운 8층)",031-851-9111,2010-03-01,운영,27,2025-06-25
의정부시,효실버카운티,"의정부시 금신로 323, 4층 (신곡동, 대영프라자)",031-848-1700,2010-03-01,운영,29,2025-06-25
의정부시,나눔의샘전문요양원,의정부시 오목로 134 (민락동),031-851-5488,2008-05-23,운영,64,2025-06-25
의정부시,시온요양원,"의정부시 장곡로628번길 22, 501호 (신곡동)",031-853-5886,2022-05-01,운영,21,2025-06-25
의정부시,성심제일요양원,의정부시 오목로35번길 25-20 (용현동),031-843-2100,2017-01-24,운영,29,2025-06-25
의정부시,가람요양원,"의정부시 회룡로105번길 15, 3층 (호원동)",031-838-8817,2025-02-01,운영,9,2025-06-25
의정부시,행복더하기요양원,"의정부시 청사로47번길 15, 605호 (금오동)",031-851-2570,2021-08-01,운영,15,2025-06-25
의정부시,가족행복요양원,"의정부시 평화로 309, 5층 (호원동)",031-837-1500,2019-01-01,운영,26,2025-06-25
의정부시,부모사랑요양원,"의정부시 평화로 309, 3층 (호원동)",031-877-7454,2025-06-01,운영,27,2025-06-25
의정부시,정인실버,"의정부시 호국로 1336, 1001호 (의정부동, 탑빌딩)",031-846-3030,2012-03-30,운영,29,2025-06-25
의정부시,금오사랑가득요양원,의정부시 금오로 102 (금오동),031-840-7890,2013-02-21,운영,70,2025-06-25
의정부시,굿모닝요양원,"의정부시 금신로 390, 3층 (금오동, 금오유니시티)",031-855-1255,2021-06-01,운영,9,2025-06-25
의정부시,노블레스 요양원,의정부시 송산로1181번길 107-6 (용현동),031-878-9988,2015-11-04,운영,83,2025-06-25
의정부시,VIP요양원,"의정부시 효자로 14, 701호 (민락동, e프라자)",031-853-2606,2022-03-01,운영,29,2025-06-25
의정부시,사랑가득요양원,의정부시 신흥로119번길 68 (호원동),031-876-0109,2010-12-20,운영,42,2025-06-25
의정부시,샬롬요양원,"의정부시 호국로1135번길 9, 1층 (가능동)",031-876-1008,2022-06-01,운영,9,2025-06-25
의정부시,효담요양원,"의정부시 오목로225번길 157, 701호 (민락동, 폴리프라자)",031-853-2241,2021-04-01,운영,11,2025-06-25
의정부시,의정부소망노인요양원,의정부시 송산로1181번길 70-41 (용현동),031-821-2406,2011-01-03,운영,45,2025-06-25
의정부시,푸른요양원,"의정부시 체육로 298-13 (녹양동, 4층, 5층)",031-855-9998,2019-11-01,운영,26,2025-06-25
의정부시,효요양원,"의정부시 둔야로 49, 3층 (의정부동)",031-875-2241,2025-03-01,운영,9,2025-06-25
의정부시,연지곤지요양원,"의정부시 시민로 405, 3층 (용현동)",031-852-4478,2016-05-27,운영,29,2025-06-25
의정부시,늘푸른요양원,의정부시 오목로35번길 47-9 (용현동),031-836-7000,2018-10-10,운영,48,2025-06-25
의정부시,카네이션요양원,"의정부시 체육로 306-14, 5층 (녹양동, 센츄럴프라자)",031-829-1307,2016-03-10,운영,9,2025-06-25
의정부시,함께하는 요양원,"의정부시 호국로 1430, 301호 (금오동, 다우림프라자)",031-851-1009,2019-02-01,운영,9,2025-06-25
의정부시,가족마음방문요양센터,"의정부시 비우로 93, 3층 (녹양동)",031-855-3285,2024-02-01,운영,0,2025-06-25
의정부시,감동플러스 재가노인센터,"의정부시 용민로 397, 3층 301호 (낙양동, 예스프라자5차)",031-853-1060,2022-08-01,운영,0,2025-06-25
의정부시,A+효림방문요양센터,"의정부시 용민로 70, 308호 (용현동)",031-827-3088,2021-10-01,운영,0,2025-06-25
의정부시,은샘노인재가복지센터,"의정부시 부용로219번길 21, 107호 (용현동, 송산주공프라자)",031-852-0909,2023-02-01,운영,0,2025-06-25
의정부시,두림방문요양센터,"의정부시 천보로 14, 2060호 (민락동, 글래드스톤)",031-853-8806,2020-11-01,운영,0,2025-06-25
의정부시,으뜸재가노인복지센터,"의정부시 금신로 311, 301-2호 (신곡동)",031-821-3555,2024-04-01,운영,0,2025-06-25
의정부시,다시봄 노인복지센터,"의정부시 회룡로117번길 67-15, 101호 (호원동)",070-7585-6803,2024-12-01,운영,0,2025-06-25
의정부시,다옴재활주간보호센터,"의정부시 동일로 683-1, 2, 3층 (금오동)",031-845-7000,2025-04-01,운영,51,2025-06-25
의정부시,오케이재가노인복지센터,"의정부시 상금로 31-14, 201호 (금오동, 금오세아아파트 상가동)",031-846-5926,2024-10-01,운영,0,2025-06-25
의정부시,다행재가방문요양센터,"의정부시 발곡로 26, 304-1호 (신곡동, 미리타운)",031-872-0998,2022-11-01,운영,0,2025-06-25
의정부시,예원방문요양센터,"의정부시 의정로46번길 18, 4층 1호 (의정부동)",031-876-5473,2022-01-01,운영,0,2025-06-25
의정부시,포근한 방문요양센터,"의정부시 가능로 22, 2층 (가능동)",031-878-5901,2023-12-01,운영,0,2025-06-25
의정부시,별사랑 방문요양센터,"의정부시 회룡로192번길 33-8, 1층 (장암동)",031-826-8688,2022-03-01,운영,0,2025-06-25
의정부시,평화노인복지센터,"의정부시 동일로711번길 15, 3층 (금오동)",031-827-2799,2025-06-01,운영,21,2025-06-25
의정부시,이웃사랑방문요양센터,"의정부시 호국로1135번길 20, 1층 3호 (가능동)",031-874-1888,2022-05-01,운영,0,2025-06-25
의정부시,모심방문요양센터,"의정부시 오목로 152, 201호 (민락동)",031-853-8927,2024-10-01,운영,0,2025-06-25
의정부시,늘예랑데이케어센터,"의정부시 청사로5번길 8-17, 704~706호 (신곡동)",031-853-8841,2020-05-01,운영,35,2025-06-25
의정부시,비타 재활 주간보호센터,"의정부시 용민로 110, 5층 (민락동)",031-851-3114,2024-03-01,운영,55,2025-06-25
의정부시,다사랑재가복지센터,"의정부시 회룡로138번길 20, 202호 (호원동)",031-829-0203,2024-11-01,운영,0,2025-06-25
의정부시,가족행복복지센터,"의정부시 녹양로87번길 33, 202호 (녹양동, 벧엘 하이츠빌)",031-836-5040,2025-05-01,운영,0,2025-06-25
의정부시,재활플러스주간보호센터,"의정부시 오목로205번길 1, 505호 (민락동, 예스타워)",031-851-9985,2018-07-19,운영,30,2025-06-25
의정부시,가온노인데이케어센터,"의정부시 신흥로 309, 1층 (의정부동)",031-855-7888,2023-04-01,운영,32,2025-06-25
의정부시,의정부행복한주야간보호센터,의정부시 송산로1181번길 70-56 (용현동),031-821-0070,2023-01-01,운영,36,2025-06-25
의정부시,경기북부드림노인복지센터,"의정부시 장곡로 606, 704호 (신곡동, 엘리트타운)",031-928-5456,2020-12-01,운영,0,2025-06-25
의정부시,조약돌재가요양센터,"의정부시 장곡로322번길 22, 1층 (신곡동)",031-827-0007,2020-08-01,운영,0,2025-06-25
의정부시,둥지방문요양센터,"의정부시 흥선로82번길 28, 1층 (가능동)",031-827-0303,2023-01-01,운영,0,2025-06-25
의정부시,다소니재가복지센터,의정부시 가능로62번길 27 (가능동),031-871-0540,2023-11-01,운영,0,2025-06-25
의정부시,싱글벙글방문요양센터,"의정부시 흥선로 72, 2층 (가능동)",031-879-7990,2021-01-01,운영,0,2025-06-25
의정부시,소풍재활주간보호센터,"의정부시 신곡로 46-21, 101, 2~301호 (신곡동)",031-876-5525,2022-07-01,운영,79,2025-06-25
의정부시,희망드림노인복지센터,"의정부시 범골로30번길 29, 2층 201호 (호원동)",031-876-0120,2022-07-01,운영,0,2025-06-25
의정부시,영우방문요양센터,"의정부시 승지로4번길 10, 3층 304호 (민락동, 거창프라자)",031-852-7371,2022-08-01,운영,0,2025-06-25
의정부시,의정부선복지센터,"의정부시 추동로 12, 104동 103호 (신곡동, 신곡은하수아파트)",031-836-9988,2022-02-01,운영,0,2025-06-25
의정부시,그린데이케어센터,"의정부시 천보로 64, 502~503호 (민락동)",031-853-7311,2024-06-01,운영,76,2025-06-25
의정부시,가가호호데이케어센터 의정부점,"의정부시 용민로 110, 5층 (민락동, 포스탑프라자)",031-851-3114,2019-04-04,운영,49,2025-06-25
의정부시,감사복지센터,"의정부시 신곡로70번길 4-11, 1층 (신곡동)",031-837-6781,2020-09-01,운영,0,2025-06-25
의정부시,무지개케어재가센터,의정부시 호국로 1115-2 (가능동),031-827-0888,2023-02-01,운영,0,2025-06-25
의정부시,가람주간보호센터,"의정부시 장곡로 598, 3,4층 (신곡동, 월드프라자)",031-852-5400,2024-07-01,운영,49,2025-06-25
의정부시,행복드림방문요양센터,"의정부시 동일로522번길 10, 201호 (신곡동)",031-847-8090,2025-06-01,운영,0,2025-06-25
의정부시,의정부사랑방문요양센터,"의정부시 오목로14번길 18, 201호 (용현동)",031-847-4589,2023-05-01,운영,0,2025-06-25
의정부시,좋은날주간보호센터민락,"의정부시 오목로205번길 67, 201,203호 (민락동)",031-851-6013,2022-04-01,운영,43,2025-06-25
의정부시,다사랑 노인복지센터,"의정부시 회룡로105번길 15, 2,3층 (호원동)",031-877-5599,2024-02-01,운영,47,2025-06-25
의정부시,편안애방문요양센터,"의정부시 장곡로 626, B동 507-2호 (신곡동, 금오종합상가)",031-852-9908,2024-07-01,운영,0,2025-06-25
의정부시,어울림방문요양센터,"의정부시 경의로 41, 404호 (의정부동, 삼부빌딩)",031-878-8383,2020-07-01,운영,0,2025-06-25
의정부시,집으로실버케어센터,"의정부시 효자로 10, 405호 (민락동)",031-851-5201,2025-05-01,운영,0,2025-06-25
의정부시,라온 통합재가센터,"의정부시 용현로132번길 14, 103호 (민락동)",031-852-8158,2025-03-01,운영,0,2025-06-25
의정부시,더행복한재가노인복지센터,"의정부시 호국로 1429, 2층 (금오동)",031-821-6050,2021-10-01,운영,0,2025-06-25
의정부시,가족효사랑방문요양센터,"의정부시 동일로506번길 58, 1층 (신곡동)",031-821-3595,2022-01-01,운영,0,2025-06-25
의정부시,사랑드림방문요양센터,"의정부시 용민로 70, 1125호, 613호 (용현동, 비콘드림시티오피스텔)",031-853-7533,2024-10-01,운영,0,2025-06-25
의정부시,메디컬케어주간보호,의정부시 문충로 148 (고산동),031-821-4200,2024-10-01,운영,9,2025-06-25
의정부시,리본주간보호센터,"의정부시 발곡로 30, 201호 (신곡동)",031-875-0222,2022-04-01,운영,53,2025-06-25
의정부시,햇살가득주간보호센터,"의정부시 체육로135번길 53, 1층 (녹양동)",031-858-8777,2024-04-01,운영,45,2025-06-25
의정부시,효천사주야간보호센터,"의정부시 오목로205번길 67, 4,5층 (민락동)",031-851-6766,2024-11-01,운영,35,2025-06-25
의정부시,힐링시니어주간보호센터,"의정부시 장곡로628번길 26, 302호 (신곡동)",031-853-6630,2022-12-01,운영,24,2025-06-25
의정부시,더조은주간보호,"의정부시 신흥로 171, 2, 4층 (의정부동)",031-823-7100,2021-10-01,운영,43,2025-06-25
의정부시,좋은날주간보호센터,"의정부시 금신로 390, 2층 201호 (금오동)",031-856-9546,2020-01-01,운영,48,2025-06-25
의정부시,녹양노인복지센터,"의정부시 비우로 110, 5층 (녹양동)",031-879-5102,2022-07-01,운영,32,2025-06-25
의정부시,의정부중앙데이케어센터,"의정부시 경의로 56, 2층 (의정부동)",031-877-8801,2021-03-01,운영,9,2025-06-25
의정부시,정온주간보호센터,"의정부시 능곡로26번길 35, 3층 (신곡동)",031-848-6678,2024-12-01,운영,22,2025-06-25
의정부시,사랑뜰주간보호센터,"의정부시 평화로 636, 5층 (의정부동)",031-848-2555,2020-10-01,운영,9,2025-06-25
의정부시,청춘주간보호센터,"의정부시 서부로 743, 4층 (가능동)",031-829-6667,2024-12-01,운영,48,2025-06-25
의정부시,루시아요양원주야간보호센터,"의정부시 평화로 636, 6층 (의정부동)",031-848-6459,2020-03-01,운영,9,2025-06-25
의정부시,시민노인복지센터,"의정부시 경의로 42, 5층 (의정부동)",031-873-3685,2008-05-23,운영,0,2025-06-25
의정부시,가은의정부방문요양센터,"의정부시 오목로 196, 2-098호 (민락동, 민락2지구제일풍경채센텀-애비뉴모나코)",031-928-4746,2020-09-01,운영,0,2025-06-25
의정부시,가족행복주간보호센터,"의정부시 평화로 323, 5층 (호원동)",031-872-1555,2025-02-01,운영,39,2025-06-25
의정부시,참사랑방문요양센터,"의정부시 용민로 70, 1017호 (용현동)",031-824-0308,2020-04-01,운영,0,2025-06-25
의정부시,사랑방문재가센터,"의정부시 동일로522번길 8, 지하1층 (신곡동)",031-859-0092,2025-04-01,운영,0,2025-06-25
의정부시,가족돌봄노인방문요양센터,"의정부시 용민로7번길 47, 1층 (용현동)",031-827-6700,2024-03-01,운영,0,2025-06-25
의정부시,효복지센터,"의정부시 평화로 158, 4층 (호원동, 아르쥬 (403-1)호)",031-855-8288,2023-04-01,운영,0,2025-06-25
의정부시,온케어재가복지센터,"의정부시 충의로 43, 202-1호 (용현동, 태원빌딩)",031-853-9939,2022-11-01,운영,0,2025-06-25
의정부시,연지곤지주야간보호센터,"의정부시 시민로 405, 4층 (용현동, 디유빌딩)",031-853-9031,2020-03-01,운영,39,2025-06-25
의정부시,마음의숲노인복지센터본점,"의정부시 의정로 147, 2,3층 (가능동)",031-846-0300,2022-12-01,운영,49,2025-06-25
의정부시,마음의숲주간보호센터 금오점,"의정부시 부용로 21, 2층 (금오동)",031-836-7800,2020-10-01,운영,24,2025-06-25
의정부시,루시아참주야간보호센터,의정부시 입석로70번길 60 (녹양동),031-872-6267,2024-10-01,운영,9,2025-06-25
의정부시,루시아요양원7 주야간보호센터,"의정부시 평화로 636, 7층 (의정부동, 대호빌딩)",031-846-8890,2020-05-01,운영,9,2025-06-25
의정부시,보금자리 주간보호센터 (녹양점),"의정부시 체육로 306-14, 6층 (녹양동)",031-837-7761,2023-12-01,운영,8,2025-06-25
의정부시,스마일시니어봄날재가방문요양센터,"의정부시 동일로 402, 상가동 103호 (장암동)",031-874-7001,2020-05-01,운영,0,2025-06-25
의정부시,더나눔 방문요양센터,의정부시 평화로 673-6 (가능동),031-827-9114,2024-05-01,운영,0,2025-06-25
의정부시,가람노인복지센터(본점),"의정부시 효자로 10, 703~705호 (민락동)",031-851-5701,2024-11-01,운영,36,2025-06-25
의정부시,고은빛재가방문요양센터,"의정부시 호암로 252, 205호 (호원동, 신일유토빌아파트 제상가1동)",031-836-7375,2024-12-01,운영,0,2025-06-25
의정부시,효드림데이케어센터,"의정부시 금신로 390, 4,5층 (금오동)",031-846-5900,2024-11-01,운영,71,2025-06-25
의정부시,민락방문요양센터,"의정부시 민락로 195, 264호 (민락동)",031-851-3222,2025-02-01,운영,0,2025-06-25
의정부시,희망노인복지케어,"의정부시 녹양로 86-8, 2층 201호 (녹양동)",031-855-5950,2023-01-01,운영,0,2025-06-25
의정부시,새봄방문요양센터,의정부시 거북로6번길 18 (금오동),031-848-7781,2022-09-01,운영,0,2025-06-25
의정부시,즐거운복지센터,의정부시 승지로19번길 33 (민락동),031-871-8478,2024-04-01,운영,0,2025-06-25
의정부시,초아노인재가복지센터,"의정부시 둔야로 67, 1층 (가능동)",031-875-0372,2021-02-01,운영,0,2025-06-25
의정부시,열린방문요양센터,"의정부시 충의로 73, 502-1호 (용현동)",031-821-9028,2020-10-01,운영,0,2025-06-25
의정부시,효심종합복지센터,"의정부시 오목로35번길 18-19, 1층 (용현동)",031-852-4800,2025-02-01,운영,37,2025-06-25
의정부시,AA+동부케어,"의정부시 녹양로62번길 46, 1층 (녹양동)",031-826-2411,2022-01-01,운영,0,2025-06-25
의정부시,정드림 방문요양센터,의정부시 의정로 204 (가능동),031-876-0161,2024-02-01,운영,0,2025-06-25
의정부시,녹양방문요양센터,"의정부시 비우로 110, 5층 (녹양동)",031-877-5102,2022-07-01,운영,0,2025-06-25
의정부시,의정부믿음방문요양센터,"의정부시 승지로30번길 18, B02호 (민락동)",070-8152-0000,2020-04-01,운영,0,2025-06-25
의정부시,VIP요양원,"의정부시 효자로 14, 701호 (민락동, e프라자)",031-853-2606,2022-03-01,운영,0,2025-06-25
의정부시,우리들주간보호센터,"의정부시 비우로 95, 3층 (녹양동)",031-855-8888,2023-07-01,운영,48,2025-06-25
의정부시,다온방문요양센터,"의정부시 배꽃길 105, 1동 1층 102호 (민락동, 더리브 센텀스퀘어 지식산업센터)",031-851-7256,2023-02-01,운영,0,2025-06-25
의정부시,행복한동행 주간보호센터,"의정부시 체육로 298-5, 4층 (녹양동)",031-852-6543,2024-12-01,운영,36,2025-06-25
의정부시,금오방문요양센터,"의정부시 청사로47번길 12, 902호 (금오동)",031-851-1401,2025-05-01,운영,0,2025-06-25
의정부시,명이방문요양센터,"의정부시 흥선로 47, 1층 (가능동)",031-829-8860,2020-11-01,운영,0,2025-06-25
의정부시,사랑빛재가복지센터,"의정부시 용민로26번길 64, 3층 (용현동)",031-853-7559,2023-03-01,운영,0,2025-06-25
의정부시,하임재가복지센터,"의정부시 오목로 251, 상가동 204호 (낙양동, 부용마을3단지)",031-851-8005,2025-02-01,운영,0,2025-06-25
의정부시,호원제일재가센터,"의정부시 평화로 197, 3층 302호 (호원동, 정명빌딩)",031-855-1800,2022-10-01,운영,0,2025-06-25
의정부시,시니어사랑방문요양센터,"의정부시 부용로95번길 18, 503호 (금오동, 해피플러스3)",031-853-4437,2020-10-01,운영,0,2025-06-25
의정부시,엄마손방문요양센터,"의정부시 시민로 319, 상가동 203호 (신곡동)",070-5100-3588,2024-12-01,운영,0,2025-06-25
의정부시,동현방문요양센터,"의정부시 신흥로 346, 3층 (가능동)",031-821-0620,2018-07-17,운영,0,2025-06-25
의정부시,아크시니어케어 경기의정부센터,"의정부시 추동로108번길 5-6, 103호 (신곡동)",070-8211-0229,2024-07-01,운영,0,2025-06-25
의정부시,산들재가방문요양센터,"의정부시 부용로203번길 16, 201호 (신곡동)",031-853-2299,2021-04-01,운영,0,2025-06-25
의정부시,1004랑방문요양센터,"의정부시 추동로108번길 40, 1층 105호 (신곡동)",031-846-9981,2020-11-01,운영,0,2025-06-25
의정부시,쉼터주간보호센터,"의정부시 청사로5번길 8-17, 10층 (신곡동, 금오센터프라자)",031-852-8700,2020-10-01,운영,49,2025-06-25
의정부시,생명나무노인복지센터,"의정부시 상금로 33, 301~303호 (금오동)",031-821-3339,2025-02-01,운영,32,2025-06-25
의정부시,늘사랑재가복지센터,의정부시 송산로995번길 38 (고산동),031-821-2224,2024-02-01,운영,0,2025-06-25
의정부시,성장나무 방문요양센터,"의정부시 호동로 78, 3층 (호원동)",031-876-5777,2022-02-01,운영,0,2025-06-25
의정부시,방주방문요양센터,"의정부시 회룡로 241, 208호 (신곡동, 풍림아파트상가)",031-928-6687,2023-03-01,운영,0,2025-06-25
의정부시,조이주간보호센터,"의정부시 추동로108번길 31, 2층 (신곡동)",031-844-8875,2024-10-01,운영,9,2025-06-25
의정부시,라이프주간보호센터,"의정부시 진등로 30, 1~2층 (녹양동)",031-878-4311,2024-03-01,운영,49,2025-06-25
의정부시,더불어좋은주간보호센터,"의정부시 효자로 14, 401호 (민락동, 이프라자)",031-821-7778,2021-11-01,운영,64,2025-06-25
의정부시,사랑재가복지센터,의정부시 안말로58번안길 92 (호원동),,2022-06-01,운영,0,2025-06-25
의정부시,동해 주간보호센터,"의정부시 서부로 743, 2층 (가능동)",031-836-4555,2023-11-01,운영,47,2025-06-25
의정부시,소담통합재가복지센터,"의정부시 시민로416번길 51, 1층 (용현동)",031-847-7009,2021-05-01,운영,27,2025-06-25
의정부시,탑석사랑노인주간보호센터,"의정부시 충의로 73, 401, 403호 (용현동)",031-853-8850,2025-02-01,운영,34,2025-06-25
의정부시,엔젤재가복지센터,"의정부시 발곡로 34, 511호 (신곡동)",031-877-6631,2024-11-01,운영,0,2025-06-25
의정부시,나눔의샘 방문요양서비스센타,의정부시 부용로214번길 26 (신곡동),031-851-5635,2008-05-23,운영,0,2025-06-25
의정부시,한다원재가복지센터,"의정부시 가금로 68, 2층 (가능동)",031-848-9787,2022-12-01,운영,0,2025-06-25
의정부시,홈케어방문요양센터,의정부시 발곡로13번길 15 (신곡동),031-851-8787,2025-02-01,운영,0,2025-06-25
의정부시,두루두루방문요양센터,"의정부시 신흥로119번길 61, 2층 201호 (호원동)",031-928-5291,2023-05-01,운영,0,2025-06-25
의정부시,주빌리방문요양센터,의정부시 녹양로62번길 19-13 (녹양동),031-877-0982,2024-07-01,운영,0,2025-06-25
의정부시,동해주간보호센터,"의정부시 서부로 743, 2층 (가능동)",031-836-4555,2025-05-01,운영,49,2025-06-25
의정부시,우리들소망재가센터,"의정부시 금신로 323, 202-2호 (신곡동)",031-848-5474,2024-11-01,운영,0,2025-06-25
의정부시,쁄라재가복지센터,"의정부시 평화로 449, 3층 (의정부동)",031-873-3009,2024-02-01,운영,0,2025-06-25
의정부시,청정방문요양센터,"의정부시 동일로476번길 22, 4동 102호 (신곡동, 신곡빌라)",031-856-1009,2021-01-01,운영,0,2025-06-25
의정부시,한결맘 방문요양센터,"의정부시 의정로22번길 43, 202호 (의정부동)",031-872-3227,2021-07-01,운영,0,2025-06-25
의정부시,고산재가노인복지센터,"의정부시 정음로 15, 상가동 104호 (고산동, 정음마을2단지)",031-851-3999,2020-09-01,운영,0,2025-06-25
의정부시,굿모닝주간보호센터,"의정부시 금신로 390, 3층 (금오동, 금오유니시티)",031-855-1255,2021-06-01,운영,9,2025-06-25
의정부시,나무방문요양센터,"의정부시 용현로 143, 202동 805호 (민락동, 산들마을길훈아파트)",031-928-7460,2023-02-01,운영,0,2025-06-25
의정부시,늘예랑재가복지센터,"의정부시 장곡로628번길 22, 701호 (신곡동)",031-852-3232,2023-01-01,운영,0,2025-06-25
의정부시,365돌봄재가복지센터,"의정부시 부용로203번길 38, 103호 (신곡동)",070-4647-2033,2025-02-01,운영,0,2025-06-25
의정부시,어부바방문간호센터,"의정부시 민락로 195, B동 237호 (민락동)",031-853-1008,2023-02-01,운영,0,2025-06-25
의정부시,케어플러스,의정부시 용현로150번길 6-17 (민락동),,2025-02-01,운영,0,2025-06-25
의정부시,행복한요양복지센터,"의정부시 신흥로 206, 2층 (의정부동)",031-837-9998,2024-02-01,운영,0,2025-06-25
의정부시,빠른케어북부복지용구사업소,"의정부시 백석로 41 (호원동, 삼익1차아파트 상가동 204호)",031-855-8209,2023-03-01,운영,0,2025-06-25
의정부시,하나방문재가센터,"의정부시 가능로118번길 4, 1층 (의정부동)",070-8770-4470,2024-07-01,운영,0,2025-06-25
의정부시,봄날주간보호센터,"의정부시 신흥로 95, 2,3층 (호원동)",031-928-6800,2021-10-01,운영,40,2025-06-25
의정부시,송산복지용구,"의정부시 충의로 43, 202-2호 (용현동)",031-853-9938,2024-03-01,운영,0,2025-06-25
의정부시,동아메디칼,"의정부시 호국로 1574-4, 1층 (금오동)",031-841-9910,2021-03-01,운영,0,2025-06-25
